chem_id	apscore_total	apscore_gnegative	apscore_gpositive	ginhib_total	ginhib_gnegative	ginhib_gpositive	broad_spectrum
Abaucin	-7.775602	-8.003299	-7.589305	1	0	1	0
Diacerein	-2.6554723	-3.4372644	-2.0158243	26	9	17	1
Ebastine	-3.7746902	-4.547636	-3.1422808	20	8	12	1
Elivitegravir	-4.383231	-4.6101766	-4.1975484	10	3	7	1
Halicin	-1.8453829	-1.8742418	-1.8217711	35	16	19	1
Opicapone	-1.5107886	-1.9691718	-1.1357478	37	15	22	1
Tannic acid	-0.5507032	-0.927215	-0.24264812	40	18	22	1
